{
  "native_guides": [
    {
      "name": "welcome guide",
      "id": "10011",
      "delay_show": 0,
      "priority": 0,
      "activation": {
        "page_view": "HomeGroupsPageFragment",
        "frequency": ""
      },
      "segment": {
        "first_sign_in_date": "2021.05.25",
        "max_app_version": "",
        "min_app_version": "22.2.20",
        "rc_account_id": {
          "reverse": false,
          "value": []
        },
        "brand_id": [
          "1210",
          "3610",
          "3710",
          "2010",
          "5010"
        ],
        "user_type": ["MVP"],
        "abtesting_group": [],
        "permission": {
          "type": "all",
          "user_type_relation": "and",
          "value": [
            "Message",
            "Video",
            "Phone"
          ]
        }
      },
      "scheduling": {
        "start_time": "2021.05.25",
        "expiration_time": ""
      },
      "items": [
        {
          "type": "sheet",
          "title": "no Welcome!",
          "content": "886",
          "action_title": "Take a tour",
          "deep_link": "glip://r/moremenu",
          "next_guide_id": "",
          "image_url": "https://app.ringcentral.com/assets/mobile/media/welcome/thumbnail.png",
          "video_url": "https://app.ringcentral.com/assets/mobile/media/welcome/video.mp4"
        },
        {
          "type": "tool_tip",
          "accessibility": "message",
          "view_type": "",
          "view_id": "",
          "title": "Message",
          "content": "Get more work done with built-in team messaging, file sharing, and task management.",
          "action_title": "",
          "deep_link": "",
          "next_guide_id": "",
          "view_padding": [
            0,
            0,
            0,
            0
          ]
        },
        {
          "type": "tool_tip",
          "accessibility": "video",
          "view_type": "",
          "view_id": "",
          "title": "Video",
          "content": "Easily start, schedule, and join video meetings.",
          "action_title": "",
          "deep_link": "",
          "next_guide_id": "",
          "view_padding": [
            0,
            0,
            0,
            0
          ]
        },
        {
          "type": "tool_tip",
          "accessibility": "phone",
          "view_type": "",
          "view_id": "",
          "title": "Phone",
          "content": "Make and receive calls, listen to voicemail, and more.",
          "action_title": "",
          "deep_link": "",
          "next_guide_id": "",
          "view_padding": [
            0,
            0,
            0,
            0
          ]
        },
        {
          "type": "tool_tip",
          "accessibility": "more",
          "view_type": "",
          "view_id": "",
          "title": "More",
          "content": "Access more features, and customize which tabs appear in the bottom navigation bar for quicker access.",
          "action_title": "",
          "deep_link": "",
          "next_guide_id": "",
          "view_padding": [
            0,
            0,
            0,
            0
          ]
        }
      ]
    },
    {
      "name": "welcome guide",
      "id": "10001",
      "delay_show": 0,
      "priority": 1,
      "activation": {
        "page_view": "HomeGroupsPageFragment",
        "frequency": ""
      },
      "segment": {
        "first_sign_in_date": "2021.05.25",
        "max_app_version": "",
        "min_app_version": "22.2.20",
        "rc_account_id": {
          "reverse": false,
          "value": []
        },
        "brand_id": [
          "1210",
          "3610",
          "3710",
          "2010",
          "5010"
        ],
        "user_type": ["Phoenix"],
        "abtesting_group": [],
        "permission": {
          "type": "all",
          "user_type_relation": "and",
          "value": [
            "Message",
            "Video"
          ]
        }
      },
      "scheduling": {
        "start_time": "2021.05.25",
        "expiration_time": ""
      },
      "items": [
        {
          "type": "sheet",
          "title": "Welcome!",
          "content": "Take a tour of the RingCentral app.",
          "action_title": "Take a tour",
          "deep_link": "glip://r/moremenu",
          "next_guide_id": "",
          "image_url": "https://app.ringcentral.com/assets/mobile/media/welcome/thumbnail.png",
          "video_url": "https://app.ringcentral.com/assets/mobile/media/welcome/video.mp4"
        },
        {
          "type": "tool_tip",
          "accessibility": "message",
          "view_type": "",
          "view_id": "",
          "title": "Message",
          "content": "Get more work done with built-in team messaging, file sharing, and task management.",
          "action_title": "",
          "deep_link": "",
          "next_guide_id": "",
          "view_padding": [
            0,
            0,
            0,
            0
          ]
        },
        {
          "type": "tool_tip",
          "accessibility": "video",
          "view_type": "",
          "view_id": "",
          "title": "Video",
          "content": "Easily start, schedule, and join video meetings.",
          "action_title": "",
          "deep_link": "",
          "next_guide_id": "",
          "view_padding": [
            0,
            0,
            0,
            0
          ]
        },
        {
          "type": "tool_tip",
          "accessibility": "more",
          "view_type": "",
          "view_id": "",
          "title": "More",
          "content": "Access more features, and customize which tabs appear in the bottom navigation bar for quicker access.",
          "action_title": "",
          "deep_link": "",
          "next_guide_id": "",
          "view_padding": [
            0,
            0,
            0,
            0
          ]
        }
      ]
    },
    {
      "name": "message walkthrough",
      "id": "10002",
      "delay_show": 0,
      "priority": 2,
      "activation": {
        "page_view": "HomeGroupsPageFragment",
        "frequency": ""
      },
      "segment": {
        "first_sign_in_date": "2021.05.25",
        "max_app_version": "",
        "min_app_version": "22.2.20",
        "rc_account_id": {
          "reverse": false,
          "value": []
        },
        "brand_id": [
          "1210",
          "3610",
          "3710",
          "2010",
          "5010"
        ],
        "user_type": [],
        "abtesting_group": [],
        "permission": {
          "type": "all",
          "user_type_relation": "and",
          "value": [
            "Message"
          ]
        }
      },
      "scheduling": {
        "start_time": "2021.05.25",
        "expiration_time": ""
      },
      "items": [
        {
          "type": "tool_tip",
          "accessibility": "",
          "view_type": "",
          "view_id": "messageTabs",
          "title": "",
          "content": "Access your direct messages, teams, and favorited conversations using the top navigation bar.",
          "action_title": "",
          "deep_link": "",
          "next_guide_id": "",
          "view_padding": [
            0,
            0,
            0,
            0
          ]
        },
        {
          "type": "tool_tip",
          "accessibility": "",
          "view_type": "",
          "view_id": "fab",
          "title": "",
          "content": "Tap + to start a new message, invite contacts, or create new teams.",
          "action_title": "",
          "deep_link": "",
          "next_guide_id": "",
          "view_padding": [
            12,
            12,
            12,
            12
          ]
        }
      ]
    },
    {
      "name": "phone walkthrough",
      "id": "10003",
      "delay_show": 0,
      "priority": 0,
      "activation": {
        "page_view": "HomePhonePageFragment",
        "frequency": ""
      },
      "segment": {
        "first_sign_in_date": "2021.05.25",
        "max_app_version": "",
        "min_app_version": "22.2.20",
        "rc_account_id": {
          "reverse": false,
          "value": []
        },
        "brand_id": [
          "1210",
          "3610",
          "3710",
          "2010",
          "5010"
        ],
        "user_type": [],
        "abtesting_group": [],
        "permission": {
          "type": "all",
          "user_type_relation": "and",
          "value": [
            "Phone"
          ]
        }
      },
      "scheduling": {
        "start_time": "2021.05.25",
        "expiration_time": ""
      },
      "items": [
        {
          "type": "tool_tip",
          "accessibility": "",
          "view_type": "",
          "view_id": "phoneTabs",
          "title": "",
          "content": "Start a call or access your call history and voicemail using the top navigation bar.",
          "action_title": "",
          "deep_link": "",
          "next_guide_id": "",
          "view_padding": [
            0,
            0,
            0,
            0
          ]
        }
      ]
    },
    {
      "name": "video walkthrough",
      "id": "10004",
      "delay_show": 0,
      "priority": 0,
      "activation": {
        "page_view": "HomeMeetingsPageFragment",
        "frequency": ""
      },
      "segment": {
        "first_sign_in_date": "2021.05.25",
        "max_app_version": "",
        "min_app_version": "22.2.20",
        "rc_account_id": {
          "reverse": false,
          "value": []
        },
        "brand_id": [
          "1210",
          "3610",
          "3710",
          "2010",
          "5010"
        ],
        "user_type": [],
        "abtesting_group": [],
        "permission": {
          "type": "all",
          "user_type_relation": "and",
          "value": [
            "Video"
          ]
        }
      },
      "scheduling": {
        "start_time": "2021.05.25",
        "expiration_time": ""
      },
      "items": [
        {
          "type": "tool_tip",
          "accessibility": "accessibility_start_a_meeting",
          "view_type": "",
          "view_id": "startMeetingButton",
          "title": "",
          "content": "Instantly start a video meeting and invite people to join.",
          "action_title": "",
          "deep_link": "",
          "next_guide_id": "",
          "view_padding": [
            0,
            0,
            0,
            0
          ]
        },
        {
          "type": "tool_tip",
          "accessibility": "accessibility_schedule_a_meeting",
          "view_type": "",
          "view_id": "scheduleMeetingButton",
          "title": "",
          "content": "Connect your Google or Outlook calendar to schedule your meetings.",
          "action_title": "",
          "deep_link": "",
          "next_guide_id": "",
          "view_padding": [
            0,
            0,
            0,
            0
          ]
        },
        {
          "type": "tool_tip",
          "accessibility": "accessibility_join_a_meeting",
          "view_type": "",
          "view_id": "joinMeetingButton",
          "title": "",
          "content": "Invited to a meeting? Just copy and paste the meeting ID and you're good to go.",
          "action_title": "",
          "deep_link": "",
          "next_guide_id": "",
          "view_padding": [
            0,
            0,
            0,
            0
          ]
        },
        {
          "type": "tool_tip",
          "accessibility": "accessibility_more_items",
          "view_type": "",
          "view_id": "pmiMoreOptionButton",
          "title": "",
          "content": "Start a meeting instantly using your personal meeting ID or customize your settings.",
          "action_title": "",
          "deep_link": "",
          "next_guide_id": "",
          "view_padding": [
            0,
            0,
            0,
            0
          ]
        }
      ]
    }
  ]
}