{
    "localization": {
        "en-GB": {
            "Welcome!": "Welcome!",
            "Take a tour of the RingCentral app.": "Take a tour of the RingCentral app.",
            "Take a tour": "Take a tour",
            "Message": "Message",
            "Get more work done with built-in team messaging, file sharing, and task management.": "Get more work done with built-in team messaging, file sharing, and task management.",
            "Video": "Video",
            "Easily start, schedule, and join video meetings.": "Easily start, schedule, and join video meetings.",
            "Phone": "Phone",
            "Make and receive calls, listen to voicemail, and more.": "Make and receive calls, listen to voicemail, and more.",
            "More": "More",
            "Access more features, and customize which tabs appear in the bottom navigation bar for quicker access.": "Access more features, and customize which tabs appear in the bottom navigation bar for quicker access.",
            "Access your direct messages, teams, and favorited conversations using the top navigation bar.": "Access your direct messages, teams, and favorited conversations using the top navigation bar.",
            "Tap + to start a new message, invite contacts, or create new teams.": "Tap + to start a new message, invite contacts, or create new teams.",
            "Start a call or access your call history and voicemail using the top navigation bar.": "Start a call or access your call history and voicemail using the top navigation bar.",
            "Instantly start a video meeting and invite people to join.": "Instantly start a video meeting and invite people to join.",
            "Connect your Google or Outlook calendar to schedule your meetings.": "Connect your Google or Outlook calendar to schedule your meetings.",
            "Invited to a meeting? Just copy and paste the meeting ID and you're good to go.": "Invited to a meeting? Just copy and paste the meeting ID and you're good to go.",
            "Start a meeting instantly using your personal meeting ID or customize your settings.": "Start a meeting instantly using your personal meeting ID or customize your settings."
        }
    }
}