{
  "localization":{
    "de-DE":{
      "Did you miss a meeting?":"de-DE deDid you miss a meeting?de-DE",
      "Go to Recordings & summaries to view auto-generated meeting summaries, highlights, and more.":"de-DE deGo to Recordings & summaries to view auto-generated meeting summaries, highlights, and more.de-DE"
    },
    "en-AU":{
      "Did you miss a meeting?":"en-AUDid you miss a meeting?en-AU",
      "Go to Recordings & summaries to view auto-generated meeting summaries, highlights, and more.":"en-AUGo to Recordings & summaries to view auto-generated meeting summaries, highlights, and more.en-AU"
    },
    "en-GB":{
      "Did you miss a meeting?":"en-GBDid you miss a meeting?en-GB",
      "Go to Recordings & summaries to view auto-generated meeting summaries, highlights, and more.":"en-GBGo to Recordings & summaries to view auto-generated meeting summaries, highlights, and more.en-GB"
    },
    "en-US":{
      "Did you miss a meeting?":"en-USDid you miss a meeting?en-US",
      "Go to Recordings & summaries to view auto-generated meeting summaries, highlights, and more.":"en-USGo to Recordings & summaries to view auto-generated meeting summaries, highlights, and more.en-US"
    },
    "es-419":{
      "Did you miss a meeting?":"es-419Did you miss a meeting?es-419",
      "Go to Recordings & summaries to view auto-generated meeting summaries, highlights, and more.":"es-419Go to Recordings & summaries to view auto-generated meeting summaries, highlights, and more.es-419"
    },
    "es-ES":{
      "Did you miss a meeting?":"es-ESDid you miss a meeting?es-ES",
      "Go to Recordings & summaries to view auto-generated meeting summaries, highlights, and more.":"es-ESGo to Recordings & summaries to view auto-generated meeting summaries, highlights, and more.es-ES"
    },
    "fi-FI":{
      "Did you miss a meeting?":"fi-FIDid you miss a meeting?fi-FI",
      "Go to Recordings & summaries to view auto-generated meeting summaries, highlights, and more.":"fi-FIGo to Recordings & summaries to view auto-generated meeting summaries, highlights, and more.fi-FI"
    },
    "fr-CA":{
      "Did you miss a meeting?":"fr-CADid you miss a meeting?fr-CA",
      "Go to Recordings & summaries to view auto-generated meeting summaries, highlights, and more.":"fr-CAGo to Recordings & summaries to view auto-generated meeting summaries, highlights, and more.fr-CA"
    },
    "fr-FR":{
      "Did you miss a meeting?":"fr-FRDid you miss a meeting?fr-FR",
      "Go to Recordings & summaries to view auto-generated meeting summaries, highlights, and more.":"fr-FRGo to Recordings & summaries to view auto-generated meeting summaries, highlights, and more.fr-FR"
    },
    "it-IT":{
      "Did you miss a meeting?":"it-ITDid you miss a meeting?it-IT",
      "Go to Recordings & summaries to view auto-generated meeting summaries, highlights, and more.":"it-ITGo to Recordings & summaries to view auto-generated meeting summaries, highlights, and more.it-IT"
    },
    "ja-JP":{
      "Did you miss a meeting?":"ja-JPDid you miss a meeting?ja-JP",
      "Go to Recordings & summaries to view auto-generated meeting summaries, highlights, and more.":"ja-JPGo to Recordings & summaries to view auto-generated meeting summaries, highlights, and more.ja-JP"
    },
    "ko-KR":{
      "Did you miss a meeting?":"ko-KRDid you miss a meeting?ko-KR",
      "Go to Recordings & summaries to view auto-generated meeting summaries, highlights, and more.":"ko-KRGo to Recordings & summaries to view auto-generated meeting summaries, highlights, and more.ko-KR"
    },
    "nl-NL":{
      "Did you miss a meeting?":"nl-NLDid you miss a meeting?nl-NL",
      "Go to Recordings & summaries to view auto-generated meeting summaries, highlights, and more.":"nl-NLGo to Recordings & summaries to view auto-generated meeting summaries, highlights, and more.nl-NL"
    },
    "pt-BR":{
      "Did you miss a meeting?":"pt-BRDid you miss a meeting?pt-BR",
      "Go to Recordings & summaries to view auto-generated meeting summaries, highlights, and more.":"pt-BRGo to Recordings & summaries to view auto-generated meeting summaries, highlights, and more.pt-BR"
    },
    "pt-PT":{
      "Did you miss a meeting?":"pt-PTDid you miss a meeting?pt-PT",
      "Go to Recordings & summaries to view auto-generated meeting summaries, highlights, and more.":"pt-PTGo to Recordings & summaries to view auto-generated meeting summaries, highlights, and more.pt-PT"
    },
    "zh-CN":{
      "Did you miss a meeting?":"zh-CNDid you miss a meeting?zh-CN",
      "Go to Recordings & summaries to view auto-generated meeting summaries, highlights, and more.":"zh-CNGo to Recordings & summaries to view auto-generated meeting summaries, highlights, and more.zh-CN"
    },
    "zh-HK":{
      "Did you miss a meeting?":"zh-HKDid you miss a meeting?zh-HK",
      "Go to Recordings & summaries to view auto-generated meeting summaries, highlights, and more.":"zh-HKGo to Recordings & summaries to view auto-generated meeting summaries, highlights, and more.zh-HK"
    },
    "zh-TW":{
      "Did you miss a meeting?":"zh-TWDid you miss a meeting?zh-TW",
      "Go to Recordings & summaries to view auto-generated meeting summaries, highlights, and more.":"zh-TWGo to Recordings & summaries to view auto-generated meeting summaries, highlights, and more.zh-TW"
    }
  }
}