{
  "localization":{
    "de-DE":{
      "Welcome!":"de-DE deWelcome!de-DE",
      "Take a tour of the RingCentral app.":"de-DE deTake a tour of the RingCentral app.de-DE",
      "Take a tour":"de-DE deTake a tourde-DE",
      "Message":"de-DE deMessagede-DE",
      "Get more work done with built-in team messaging, file sharing, and task management.":"de-DE deGet more work done with built-in team messaging, file sharing, and task management.de-DE",
      "Video":"de-DE deVideode-DE",
      "Easily start, schedule, and join video meetings.":"de-DE deEasily start, schedule, and join video meetings.de-DE",
      "Phone":"de-DE dePhonede-DE",
      "Make and receive calls, listen to voicemail, and more.":"de-DE deMake and receive calls, listen to voicemail, and more.de-DE",
      "More":"de-DE deMorede-DE",
      "Access more features, and customize which tabs appear in the bottom navigation bar for quicker access.":"de-DE deAccess more features, and customize which tabs appear in the bottom navigation bar for quicker access.de-DE",
      "Access your direct messages, teams, and favorited conversations using the top navigation bar.":"de-DE deAccess your direct messages, teams, and favorited conversations using the top navigation bar.de-DE",
      "Tap + to start a new message, invite contacts, or create new teams.":"de-DE deTap + to start a new message, invite contacts, or create new teams.de-DE",
      "Start a call or access your call history and voicemail using the top navigation bar.":"de-DE deStart a call or access your call history and voicemail using the top navigation bar.de-DE",
      "Instantly start a video meeting and invite people to join.":"de-DE deInstantly start a video meeting and invite people to join.de-DE",
      "Connect your Google or Outlook calendar to schedule your meetings.":"de-DE deConnect your Google or Outlook calendar to schedule your meetings.de-DE",
      "Invited to a meeting? Just copy and paste the meeting ID and you're good to go.":"de-DE deInvited to a meeting? Just copy and paste the meeting ID and you're good to go.de-DE",
      "Start a meeting instantly using your personal meeting ID or customize your settings.":"de-DE deStart a meeting instantly using your personal meeting ID or customize your settings.de-DE"
    },
    "en-AU":{
      "Welcome!":"en-AUWelcome!en-AU",
      "Take a tour of the RingCentral app.":"en-AUTake a tour of the RingCentral app.en-AU",
      "Take a tour":"en-AUTake a touren-AU",
      "Message":"en-AUMessageen-AU",
      "Get more work done with built-in team messaging, file sharing, and task management.":"en-AUGet more work done with built-in team messaging, file sharing, and task management.en-AU",
      "Video":"en-AUVideoen-AU",
      "Easily start, schedule, and join video meetings.":"en-AUEasily start, schedule, and join video meetings.en-AU",
      "Phone":"en-AUPhoneen-AU",
      "Make and receive calls, listen to voicemail, and more.":"en-AUMake and receive calls, listen to voicemail, and more.en-AU",
      "More":"en-AUMoreen-AU",
      "Access more features, and customize which tabs appear in the bottom navigation bar for quicker access.":"en-AUAccess more features, and customize which tabs appear in the bottom navigation bar for quicker access.en-AU",
      "Access your direct messages, teams, and favorited conversations using the top navigation bar.":"en-AUAccess your direct messages, teams, and favorited conversations using the top navigation bar.en-AU",
      "Tap + to start a new message, invite contacts, or create new teams.":"en-AUTap + to start a new message, invite contacts, or create new teams.en-AU",
      "Start a call or access your call history and voicemail using the top navigation bar.":"en-AUStart a call or access your call history and voicemail using the top navigation bar.en-AU",
      "Instantly start a video meeting and invite people to join.":"en-AUInstantly start a video meeting and invite people to join.en-AU",
      "Connect your Google or Outlook calendar to schedule your meetings.":"en-AUConnect your Google or Outlook calendar to schedule your meetings.en-AU",
      "Invited to a meeting? Just copy and paste the meeting ID and you're good to go.":"en-AUInvited to a meeting? Just copy and paste the meeting ID and you're good to go.en-AU",
      "Start a meeting instantly using your personal meeting ID or customize your settings.":"en-AUStart a meeting instantly using your personal meeting ID or customize your settings.en-AU"
    },
    "en-GB":{
      "Welcome!":"en-GBWelcome!en-GB",
      "Take a tour of the RingCentral app.":"en-GBTake a tour of the RingCentral app.en-GB",
      "Take a tour":"en-GBTake a touren-GB",
      "Message":"en-GBMessageen-GB",
      "Get more work done with built-in team messaging, file sharing, and task management.":"en-GBGet more work done with built-in team messaging, file sharing, and task management.en-GB",
      "Video":"en-GBVideoen-GB",
      "Easily start, schedule, and join video meetings.":"en-GBEasily start, schedule, and join video meetings.en-GB",
      "Phone":"en-GBPhoneen-GB",
      "Make and receive calls, listen to voicemail, and more.":"en-GBMake and receive calls, listen to voicemail, and more.en-GB",
      "More":"en-GBMoreen-GB",
      "Access more features, and customize which tabs appear in the bottom navigation bar for quicker access.":"en-GBAccess more features, and customize which tabs appear in the bottom navigation bar for quicker access.en-GB",
      "Access your direct messages, teams, and favorited conversations using the top navigation bar.":"en-GBAccess your direct messages, teams, and favorited conversations using the top navigation bar.en-GB",
      "Tap + to start a new message, invite contacts, or create new teams.":"en-GBTap + to start a new message, invite contacts, or create new teams.en-GB",
      "Start a call or access your call history and voicemail using the top navigation bar.":"en-GBStart a call or access your call history and voicemail using the top navigation bar.en-GB",
      "Instantly start a video meeting and invite people to join.":"en-GBInstantly start a video meeting and invite people to join.en-GB",
      "Connect your Google or Outlook calendar to schedule your meetings.":"en-GBConnect your Google or Outlook calendar to schedule your meetings.en-GB",
      "Invited to a meeting? Just copy and paste the meeting ID and you're good to go.":"en-GBInvited to a meeting? Just copy and paste the meeting ID and you're good to go.en-GB",
      "Start a meeting instantly using your personal meeting ID or customize your settings.":"en-GBStart a meeting instantly using your personal meeting ID or customize your settings.en-GB"
    },
    "en-US":{
      "Welcome!":"en-USWelcome!en-US",
      "Take a tour of the RingCentral app.":"en-USTake a tour of the RingCentral app.en-US",
      "Take a tour":"en-USTake a touren-US",
      "Message":"en-USMessageen-US",
      "Get more work done with built-in team messaging, file sharing, and task management.":"en-USGet more work done with built-in team messaging, file sharing, and task management.en-US",
      "Video":"en-USVideoen-US",
      "Easily start, schedule, and join video meetings.":"en-USEasily start, schedule, and join video meetings.en-US",
      "Phone":"en-USPhoneen-US",
      "Make and receive calls, listen to voicemail, and more.":"en-USMake and receive calls, listen to voicemail, and more.en-US",
      "More":"en-USMoreen-US",
      "Access more features, and customize which tabs appear in the bottom navigation bar for quicker access.":"en-USAccess more features, and customize which tabs appear in the bottom navigation bar for quicker access.en-US",
      "Access your direct messages, teams, and favorited conversations using the top navigation bar.":"en-USAccess your direct messages, teams, and favorited conversations using the top navigation bar.en-US",
      "Tap + to start a new message, invite contacts, or create new teams.":"en-USTap + to start a new message, invite contacts, or create new teams.en-US",
      "Start a call or access your call history and voicemail using the top navigation bar.":"en-USStart a call or access your call history and voicemail using the top navigation bar.en-US",
      "Instantly start a video meeting and invite people to join.":"en-USInstantly start a video meeting and invite people to join.en-US",
      "Connect your Google or Outlook calendar to schedule your meetings.":"en-USConnect your Google or Outlook calendar to schedule your meetings.en-US",
      "Invited to a meeting? Just copy and paste the meeting ID and you're good to go.":"en-USInvited to a meeting? Just copy and paste the meeting ID and you're good to go.en-US",
      "Start a meeting instantly using your personal meeting ID or customize your settings.":"en-USStart a meeting instantly using your personal meeting ID or customize your settings.en-US"
    },
    "es-419":{
      "Welcome!":"es-419Welcome!es-419",
      "Take a tour of the RingCentral app.":"es-419Take a tour of the RingCentral app.es-419",
      "Take a tour":"es-419Take a toures-419",
      "Message":"es-419Messagees-419",
      "Get more work done with built-in team messaging, file sharing, and task management.":"es-419Get more work done with built-in team messaging, file sharing, and task management.es-419",
      "Video":"es-419Videoes-419",
      "Easily start, schedule, and join video meetings.":"es-419Easily start, schedule, and join video meetings.es-419",
      "Phone":"es-419Phonees-419",
      "Make and receive calls, listen to voicemail, and more.":"es-419Make and receive calls, listen to voicemail, and more.es-419",
      "More":"es-419Morees-419",
      "Access more features, and customize which tabs appear in the bottom navigation bar for quicker access.":"es-419Access more features, and customize which tabs appear in the bottom navigation bar for quicker access.es-419",
      "Access your direct messages, teams, and favorited conversations using the top navigation bar.":"es-419Access your direct messages, teams, and favorited conversations using the top navigation bar.es-419",
      "Tap + to start a new message, invite contacts, or create new teams.":"es-419Tap + to start a new message, invite contacts, or create new teams.es-419",
      "Start a call or access your call history and voicemail using the top navigation bar.":"es-419Start a call or access your call history and voicemail using the top navigation bar.es-419",
      "Instantly start a video meeting and invite people to join.":"es-419Instantly start a video meeting and invite people to join.es-419",
      "Connect your Google or Outlook calendar to schedule your meetings.":"es-419Connect your Google or Outlook calendar to schedule your meetings.es-419",
      "Invited to a meeting? Just copy and paste the meeting ID and you're good to go.":"es-419Invited to a meeting? Just copy and paste the meeting ID and you're good to go.es-419",
      "Start a meeting instantly using your personal meeting ID or customize your settings.":"es-419Start a meeting instantly using your personal meeting ID or customize your settings.es-419"
    },
    "es-ES":{
      "Welcome!":"es-ESWelcome!es-ES",
      "Take a tour of the RingCentral app.":"es-ESTake a tour of the RingCentral app.es-ES",
      "Take a tour":"es-ESTake a toures-ES",
      "Message":"es-ESMessagees-ES",
      "Get more work done with built-in team messaging, file sharing, and task management.":"es-ESGet more work done with built-in team messaging, file sharing, and task management.es-ES",
      "Video":"es-ESVideoes-ES",
      "Easily start, schedule, and join video meetings.":"es-ESEasily start, schedule, and join video meetings.es-ES",
      "Phone":"es-ESPhonees-ES",
      "Make and receive calls, listen to voicemail, and more.":"es-ESMake and receive calls, listen to voicemail, and more.es-ES",
      "More":"es-ESMorees-ES",
      "Access more features, and customize which tabs appear in the bottom navigation bar for quicker access.":"es-ESAccess more features, and customize which tabs appear in the bottom navigation bar for quicker access.es-ES",
      "Access your direct messages, teams, and favorited conversations using the top navigation bar.":"es-ESAccess your direct messages, teams, and favorited conversations using the top navigation bar.es-ES",
      "Tap + to start a new message, invite contacts, or create new teams.":"es-ESTap + to start a new message, invite contacts, or create new teams.es-ES",
      "Start a call or access your call history and voicemail using the top navigation bar.":"es-ESStart a call or access your call history and voicemail using the top navigation bar.es-ES",
      "Instantly start a video meeting and invite people to join.":"es-ESInstantly start a video meeting and invite people to join.es-ES",
      "Connect your Google or Outlook calendar to schedule your meetings.":"es-ESConnect your Google or Outlook calendar to schedule your meetings.es-ES",
      "Invited to a meeting? Just copy and paste the meeting ID and you're good to go.":"es-ESInvited to a meeting? Just copy and paste the meeting ID and you're good to go.es-ES",
      "Start a meeting instantly using your personal meeting ID or customize your settings.":"es-ESStart a meeting instantly using your personal meeting ID or customize your settings.es-ES"
    },
    "fi-FI":{
      "Welcome!":"fi-FIWelcome!fi-FI",
      "Take a tour of the RingCentral app.":"fi-FITake a tour of the RingCentral app.fi-FI",
      "Take a tour":"fi-FITake a tourfi-FI",
      "Message":"fi-FIMessagefi-FI",
      "Get more work done with built-in team messaging, file sharing, and task management.":"fi-FIGet more work done with built-in team messaging, file sharing, and task management.fi-FI",
      "Video":"fi-FIVideofi-FI",
      "Easily start, schedule, and join video meetings.":"fi-FIEasily start, schedule, and join video meetings.fi-FI",
      "Phone":"fi-FIPhonefi-FI",
      "Make and receive calls, listen to voicemail, and more.":"fi-FIMake and receive calls, listen to voicemail, and more.fi-FI",
      "More":"fi-FIMorefi-FI",
      "Access more features, and customize which tabs appear in the bottom navigation bar for quicker access.":"fi-FIAccess more features, and customize which tabs appear in the bottom navigation bar for quicker access.fi-FI",
      "Access your direct messages, teams, and favorited conversations using the top navigation bar.":"fi-FIAccess your direct messages, teams, and favorited conversations using the top navigation bar.fi-FI",
      "Tap + to start a new message, invite contacts, or create new teams.":"fi-FITap + to start a new message, invite contacts, or create new teams.fi-FI",
      "Start a call or access your call history and voicemail using the top navigation bar.":"fi-FIStart a call or access your call history and voicemail using the top navigation bar.fi-FI",
      "Instantly start a video meeting and invite people to join.":"fi-FIInstantly start a video meeting and invite people to join.fi-FI",
      "Connect your Google or Outlook calendar to schedule your meetings.":"fi-FIConnect your Google or Outlook calendar to schedule your meetings.fi-FI",
      "Invited to a meeting? Just copy and paste the meeting ID and you're good to go.":"fi-FIInvited to a meeting? Just copy and paste the meeting ID and you're good to go.fi-FI",
      "Start a meeting instantly using your personal meeting ID or customize your settings.":"fi-FIStart a meeting instantly using your personal meeting ID or customize your settings.fi-FI"
    },
    "fr-CA":{
      "Welcome!":"fr-CAWelcome!fr-CA",
      "Take a tour of the RingCentral app.":"fr-CATake a tour of the RingCentral app.fr-CA",
      "Take a tour":"fr-CATake a tourfr-CA",
      "Message":"fr-CAMessagefr-CA",
      "Get more work done with built-in team messaging, file sharing, and task management.":"fr-CAGet more work done with built-in team messaging, file sharing, and task management.fr-CA",
      "Video":"fr-CAVideofr-CA",
      "Easily start, schedule, and join video meetings.":"fr-CAEasily start, schedule, and join video meetings.fr-CA",
      "Phone":"fr-CAPhonefr-CA",
      "Make and receive calls, listen to voicemail, and more.":"fr-CAMake and receive calls, listen to voicemail, and more.fr-CA",
      "More":"fr-CAMorefr-CA",
      "Access more features, and customize which tabs appear in the bottom navigation bar for quicker access.":"fr-CAAccess more features, and customize which tabs appear in the bottom navigation bar for quicker access.fr-CA",
      "Access your direct messages, teams, and favorited conversations using the top navigation bar.":"fr-CAAccess your direct messages, teams, and favorited conversations using the top navigation bar.fr-CA",
      "Tap + to start a new message, invite contacts, or create new teams.":"fr-CATap + to start a new message, invite contacts, or create new teams.fr-CA",
      "Start a call or access your call history and voicemail using the top navigation bar.":"fr-CAStart a call or access your call history and voicemail using the top navigation bar.fr-CA",
      "Instantly start a video meeting and invite people to join.":"fr-CAInstantly start a video meeting and invite people to join.fr-CA",
      "Connect your Google or Outlook calendar to schedule your meetings.":"fr-CAConnect your Google or Outlook calendar to schedule your meetings.fr-CA",
      "Invited to a meeting? Just copy and paste the meeting ID and you're good to go.":"fr-CAInvited to a meeting? Just copy and paste the meeting ID and you're good to go.fr-CA",
      "Start a meeting instantly using your personal meeting ID or customize your settings.":"fr-CAStart a meeting instantly using your personal meeting ID or customize your settings.fr-CA"
    },
    "fr-FR":{
      "Welcome!":"fr-FRWelcome!fr-FR",
      "Take a tour of the RingCentral app.":"fr-FRTake a tour of the RingCentral app.fr-FR",
      "Take a tour":"fr-FRTake a tourfr-FR",
      "Message":"fr-FRMessagefr-FR",
      "Get more work done with built-in team messaging, file sharing, and task management.":"fr-FRGet more work done with built-in team messaging, file sharing, and task management.fr-FR",
      "Video":"fr-FRVideofr-FR",
      "Easily start, schedule, and join video meetings.":"fr-FREasily start, schedule, and join video meetings.fr-FR",
      "Phone":"fr-FRPhonefr-FR",
      "Make and receive calls, listen to voicemail, and more.":"fr-FRMake and receive calls, listen to voicemail, and more.fr-FR",
      "More":"fr-FRMorefr-FR",
      "Access more features, and customize which tabs appear in the bottom navigation bar for quicker access.":"fr-FRAccess more features, and customize which tabs appear in the bottom navigation bar for quicker access.fr-FR",
      "Access your direct messages, teams, and favorited conversations using the top navigation bar.":"fr-FRAccess your direct messages, teams, and favorited conversations using the top navigation bar.fr-FR",
      "Tap + to start a new message, invite contacts, or create new teams.":"fr-FRTap + to start a new message, invite contacts, or create new teams.fr-FR",
      "Start a call or access your call history and voicemail using the top navigation bar.":"fr-FRStart a call or access your call history and voicemail using the top navigation bar.fr-FR",
      "Instantly start a video meeting and invite people to join.":"fr-FRInstantly start a video meeting and invite people to join.fr-FR",
      "Connect your Google or Outlook calendar to schedule your meetings.":"fr-FRConnect your Google or Outlook calendar to schedule your meetings.fr-FR",
      "Invited to a meeting? Just copy and paste the meeting ID and you're good to go.":"fr-FRInvited to a meeting? Just copy and paste the meeting ID and you're good to go.fr-FR",
      "Start a meeting instantly using your personal meeting ID or customize your settings.":"fr-FRStart a meeting instantly using your personal meeting ID or customize your settings.fr-FR"
    },
    "it-IT":{
      "Welcome!":"it-ITWelcome!it-IT",
      "Take a tour of the RingCentral app.":"it-ITTake a tour of the RingCentral app.it-IT",
      "Take a tour":"it-ITTake a tourit-IT",
      "Message":"it-ITMessageit-IT",
      "Get more work done with built-in team messaging, file sharing, and task management.":"it-ITGet more work done with built-in team messaging, file sharing, and task management.it-IT",
      "Video":"it-ITVideoit-IT",
      "Easily start, schedule, and join video meetings.":"it-ITEasily start, schedule, and join video meetings.it-IT",
      "Phone":"it-ITPhoneit-IT",
      "Make and receive calls, listen to voicemail, and more.":"it-ITMake and receive calls, listen to voicemail, and more.it-IT",
      "More":"it-ITMoreit-IT",
      "Access more features, and customize which tabs appear in the bottom navigation bar for quicker access.":"it-ITAccess more features, and customize which tabs appear in the bottom navigation bar for quicker access.it-IT",
      "Access your direct messages, teams, and favorited conversations using the top navigation bar.":"it-ITAccess your direct messages, teams, and favorited conversations using the top navigation bar.it-IT",
      "Tap + to start a new message, invite contacts, or create new teams.":"it-ITTap + to start a new message, invite contacts, or create new teams.it-IT",
      "Start a call or access your call history and voicemail using the top navigation bar.":"it-ITStart a call or access your call history and voicemail using the top navigation bar.it-IT",
      "Instantly start a video meeting and invite people to join.":"it-ITInstantly start a video meeting and invite people to join.it-IT",
      "Connect your Google or Outlook calendar to schedule your meetings.":"it-ITConnect your Google or Outlook calendar to schedule your meetings.it-IT",
      "Invited to a meeting? Just copy and paste the meeting ID and you're good to go.":"it-ITInvited to a meeting? Just copy and paste the meeting ID and you're good to go.it-IT",
      "Start a meeting instantly using your personal meeting ID or customize your settings.":"it-ITStart a meeting instantly using your personal meeting ID or customize your settings.it-IT"
    },
    "ja-JP":{
      "Welcome!":"ja-JPWelcome!ja-JP",
      "Take a tour of the RingCentral app.":"ja-JPTake a tour of the RingCentral app.ja-JP",
      "Take a tour":"ja-JPTake a tourja-JP",
      "Message":"ja-JPMessageja-JP",
      "Get more work done with built-in team messaging, file sharing, and task management.":"ja-JPGet more work done with built-in team messaging, file sharing, and task management.ja-JP",
      "Video":"ja-JPVideoja-JP",
      "Easily start, schedule, and join video meetings.":"ja-JPEasily start, schedule, and join video meetings.ja-JP",
      "Phone":"ja-JPPhoneja-JP",
      "Make and receive calls, listen to voicemail, and more.":"ja-JPMake and receive calls, listen to voicemail, and more.ja-JP",
      "More":"ja-JPMoreja-JP",
      "Access more features, and customize which tabs appear in the bottom navigation bar for quicker access.":"ja-JPAccess more features, and customize which tabs appear in the bottom navigation bar for quicker access.ja-JP",
      "Access your direct messages, teams, and favorited conversations using the top navigation bar.":"ja-JPAccess your direct messages, teams, and favorited conversations using the top navigation bar.ja-JP",
      "Tap + to start a new message, invite contacts, or create new teams.":"ja-JPTap + to start a new message, invite contacts, or create new teams.ja-JP",
      "Start a call or access your call history and voicemail using the top navigation bar.":"ja-JPStart a call or access your call history and voicemail using the top navigation bar.ja-JP",
      "Instantly start a video meeting and invite people to join.":"ja-JPInstantly start a video meeting and invite people to join.ja-JP",
      "Connect your Google or Outlook calendar to schedule your meetings.":"ja-JPConnect your Google or Outlook calendar to schedule your meetings.ja-JP",
      "Invited to a meeting? Just copy and paste the meeting ID and you're good to go.":"ja-JPInvited to a meeting? Just copy and paste the meeting ID and you're good to go.ja-JP",
      "Start a meeting instantly using your personal meeting ID or customize your settings.":"ja-JPStart a meeting instantly using your personal meeting ID or customize your settings.ja-JP"
    },
    "ko-KR":{
      "Welcome!":"ko-KRWelcome!ko-KR",
      "Take a tour of the RingCentral app.":"ko-KRTake a tour of the RingCentral app.ko-KR",
      "Take a tour":"ko-KRTake a tourko-KR",
      "Message":"ko-KRMessageko-KR",
      "Get more work done with built-in team messaging, file sharing, and task management.":"ko-KRGet more work done with built-in team messaging, file sharing, and task management.ko-KR",
      "Video":"ko-KRVideoko-KR",
      "Easily start, schedule, and join video meetings.":"ko-KREasily start, schedule, and join video meetings.ko-KR",
      "Phone":"ko-KRPhoneko-KR",
      "Make and receive calls, listen to voicemail, and more.":"ko-KRMake and receive calls, listen to voicemail, and more.ko-KR",
      "More":"ko-KRMoreko-KR",
      "Access more features, and customize which tabs appear in the bottom navigation bar for quicker access.":"ko-KRAccess more features, and customize which tabs appear in the bottom navigation bar for quicker access.ko-KR",
      "Access your direct messages, teams, and favorited conversations using the top navigation bar.":"ko-KRAccess your direct messages, teams, and favorited conversations using the top navigation bar.ko-KR",
      "Tap + to start a new message, invite contacts, or create new teams.":"ko-KRTap + to start a new message, invite contacts, or create new teams.ko-KR",
      "Start a call or access your call history and voicemail using the top navigation bar.":"ko-KRStart a call or access your call history and voicemail using the top navigation bar.ko-KR",
      "Instantly start a video meeting and invite people to join.":"ko-KRInstantly start a video meeting and invite people to join.ko-KR",
      "Connect your Google or Outlook calendar to schedule your meetings.":"ko-KRConnect your Google or Outlook calendar to schedule your meetings.ko-KR",
      "Invited to a meeting? Just copy and paste the meeting ID and you're good to go.":"ko-KRInvited to a meeting? Just copy and paste the meeting ID and you're good to go.ko-KR",
      "Start a meeting instantly using your personal meeting ID or customize your settings.":"ko-KRStart a meeting instantly using your personal meeting ID or customize your settings.ko-KR"
    },
    "nl-NL":{
      "Welcome!":"nl-NLWelcome!nl-NL",
      "Take a tour of the RingCentral app.":"nl-NLTake a tour of the RingCentral app.nl-NL",
      "Take a tour":"nl-NLTake a tournl-NL",
      "Message":"nl-NLMessagenl-NL",
      "Get more work done with built-in team messaging, file sharing, and task management.":"nl-NLGet more work done with built-in team messaging, file sharing, and task management.nl-NL",
      "Video":"nl-NLVideonl-NL",
      "Easily start, schedule, and join video meetings.":"nl-NLEasily start, schedule, and join video meetings.nl-NL",
      "Phone":"nl-NLPhonenl-NL",
      "Make and receive calls, listen to voicemail, and more.":"nl-NLMake and receive calls, listen to voicemail, and more.nl-NL",
      "More":"nl-NLMorenl-NL",
      "Access more features, and customize which tabs appear in the bottom navigation bar for quicker access.":"nl-NLAccess more features, and customize which tabs appear in the bottom navigation bar for quicker access.nl-NL",
      "Access your direct messages, teams, and favorited conversations using the top navigation bar.":"nl-NLAccess your direct messages, teams, and favorited conversations using the top navigation bar.nl-NL",
      "Tap + to start a new message, invite contacts, or create new teams.":"nl-NLTap + to start a new message, invite contacts, or create new teams.nl-NL",
      "Start a call or access your call history and voicemail using the top navigation bar.":"nl-NLStart a call or access your call history and voicemail using the top navigation bar.nl-NL",
      "Instantly start a video meeting and invite people to join.":"nl-NLInstantly start a video meeting and invite people to join.nl-NL",
      "Connect your Google or Outlook calendar to schedule your meetings.":"nl-NLConnect your Google or Outlook calendar to schedule your meetings.nl-NL",
      "Invited to a meeting? Just copy and paste the meeting ID and you're good to go.":"nl-NLInvited to a meeting? Just copy and paste the meeting ID and you're good to go.nl-NL",
      "Start a meeting instantly using your personal meeting ID or customize your settings.":"nl-NLStart a meeting instantly using your personal meeting ID or customize your settings.nl-NL"
    },
    "pt-BR":{
      "Welcome!":"pt-BRWelcome!pt-BR",
      "Take a tour of the RingCentral app.":"pt-BRTake a tour of the RingCentral app.pt-BR",
      "Take a tour":"pt-BRTake a tourpt-BR",
      "Message":"pt-BRMessagept-BR",
      "Get more work done with built-in team messaging, file sharing, and task management.":"pt-BRGet more work done with built-in team messaging, file sharing, and task management.pt-BR",
      "Video":"pt-BRVideopt-BR",
      "Easily start, schedule, and join video meetings.":"pt-BREasily start, schedule, and join video meetings.pt-BR",
      "Phone":"pt-BRPhonept-BR",
      "Make and receive calls, listen to voicemail, and more.":"pt-BRMake and receive calls, listen to voicemail, and more.pt-BR",
      "More":"pt-BRMorept-BR",
      "Access more features, and customize which tabs appear in the bottom navigation bar for quicker access.":"pt-BRAccess more features, and customize which tabs appear in the bottom navigation bar for quicker access.pt-BR",
      "Access your direct messages, teams, and favorited conversations using the top navigation bar.":"pt-BRAccess your direct messages, teams, and favorited conversations using the top navigation bar.pt-BR",
      "Tap + to start a new message, invite contacts, or create new teams.":"pt-BRTap + to start a new message, invite contacts, or create new teams.pt-BR",
      "Start a call or access your call history and voicemail using the top navigation bar.":"pt-BRStart a call or access your call history and voicemail using the top navigation bar.pt-BR",
      "Instantly start a video meeting and invite people to join.":"pt-BRInstantly start a video meeting and invite people to join.pt-BR",
      "Connect your Google or Outlook calendar to schedule your meetings.":"pt-BRConnect your Google or Outlook calendar to schedule your meetings.pt-BR",
      "Invited to a meeting? Just copy and paste the meeting ID and you're good to go.":"pt-BRInvited to a meeting? Just copy and paste the meeting ID and you're good to go.pt-BR",
      "Start a meeting instantly using your personal meeting ID or customize your settings.":"pt-BRStart a meeting instantly using your personal meeting ID or customize your settings.pt-BR"
    },
    "pt-PT":{
      "Welcome!":"pt-PTWelcome!pt-PT",
      "Take a tour of the RingCentral app.":"pt-PTTake a tour of the RingCentral app.pt-PT",
      "Take a tour":"pt-PTTake a tourpt-PT",
      "Message":"pt-PTMessagept-PT",
      "Get more work done with built-in team messaging, file sharing, and task management.":"pt-PTGet more work done with built-in team messaging, file sharing, and task management.pt-PT",
      "Video":"pt-PTVideopt-PT",
      "Easily start, schedule, and join video meetings.":"pt-PTEasily start, schedule, and join video meetings.pt-PT",
      "Phone":"pt-PTPhonept-PT",
      "Make and receive calls, listen to voicemail, and more.":"pt-PTMake and receive calls, listen to voicemail, and more.pt-PT",
      "More":"pt-PTMorept-PT",
      "Access more features, and customize which tabs appear in the bottom navigation bar for quicker access.":"pt-PTAccess more features, and customize which tabs appear in the bottom navigation bar for quicker access.pt-PT",
      "Access your direct messages, teams, and favorited conversations using the top navigation bar.":"pt-PTAccess your direct messages, teams, and favorited conversations using the top navigation bar.pt-PT",
      "Tap + to start a new message, invite contacts, or create new teams.":"pt-PTTap + to start a new message, invite contacts, or create new teams.pt-PT",
      "Start a call or access your call history and voicemail using the top navigation bar.":"pt-PTStart a call or access your call history and voicemail using the top navigation bar.pt-PT",
      "Instantly start a video meeting and invite people to join.":"pt-PTInstantly start a video meeting and invite people to join.pt-PT",
      "Connect your Google or Outlook calendar to schedule your meetings.":"pt-PTConnect your Google or Outlook calendar to schedule your meetings.pt-PT",
      "Invited to a meeting? Just copy and paste the meeting ID and you're good to go.":"pt-PTInvited to a meeting? Just copy and paste the meeting ID and you're good to go.pt-PT",
      "Start a meeting instantly using your personal meeting ID or customize your settings.":"pt-PTStart a meeting instantly using your personal meeting ID or customize your settings.pt-PT"
    },
    "zh-CN":{
      "Welcome!":"zh-CNWelcome!zh-CN",
      "Take a tour of the RingCentral app.":"zh-CNTake a tour of the RingCentral app.zh-CN",
      "Take a tour":"zh-CNTake a tourzh-CN",
      "Message":"zh-CNMessagezh-CN",
      "Get more work done with built-in team messaging, file sharing, and task management.":"zh-CNGet more work done with built-in team messaging, file sharing, and task management.zh-CN",
      "Video":"zh-CNVideozh-CN",
      "Easily start, schedule, and join video meetings.":"zh-CNEasily start, schedule, and join video meetings.zh-CN",
      "Phone":"zh-CNPhonezh-CN",
      "Make and receive calls, listen to voicemail, and more.":"zh-CNMake and receive calls, listen to voicemail, and more.zh-CN",
      "More":"zh-CNMorezh-CN",
      "Access more features, and customize which tabs appear in the bottom navigation bar for quicker access.":"zh-CNAccess more features, and customize which tabs appear in the bottom navigation bar for quicker access.zh-CN",
      "Access your direct messages, teams, and favorited conversations using the top navigation bar.":"zh-CNAccess your direct messages, teams, and favorited conversations using the top navigation bar.zh-CN",
      "Tap + to start a new message, invite contacts, or create new teams.":"zh-CNTap + to start a new message, invite contacts, or create new teams.zh-CN",
      "Start a call or access your call history and voicemail using the top navigation bar.":"zh-CNStart a call or access your call history and voicemail using the top navigation bar.zh-CN",
      "Instantly start a video meeting and invite people to join.":"zh-CNInstantly start a video meeting and invite people to join.zh-CN",
      "Connect your Google or Outlook calendar to schedule your meetings.":"zh-CNConnect your Google or Outlook calendar to schedule your meetings.zh-CN",
      "Invited to a meeting? Just copy and paste the meeting ID and you're good to go.":"zh-CNInvited to a meeting? Just copy and paste the meeting ID and you're good to go.zh-CN",
      "Start a meeting instantly using your personal meeting ID or customize your settings.":"zh-CNStart a meeting instantly using your personal meeting ID or customize your settings.zh-CN"
    },
    "zh-HK":{
      "Welcome!":"zh-HKWelcome!zh-HK",
      "Take a tour of the RingCentral app.":"zh-HKTake a tour of the RingCentral app.zh-HK",
      "Take a tour":"zh-HKTake a tourzh-HK",
      "Message":"zh-HKMessagezh-HK",
      "Get more work done with built-in team messaging, file sharing, and task management.":"zh-HKGet more work done with built-in team messaging, file sharing, and task management.zh-HK",
      "Video":"zh-HKVideozh-HK",
      "Easily start, schedule, and join video meetings.":"zh-HKEasily start, schedule, and join video meetings.zh-HK",
      "Phone":"zh-HKPhonezh-HK",
      "Make and receive calls, listen to voicemail, and more.":"zh-HKMake and receive calls, listen to voicemail, and more.zh-HK",
      "More":"zh-HKMorezh-HK",
      "Access more features, and customize which tabs appear in the bottom navigation bar for quicker access.":"zh-HKAccess more features, and customize which tabs appear in the bottom navigation bar for quicker access.zh-HK",
      "Access your direct messages, teams, and favorited conversations using the top navigation bar.":"zh-HKAccess your direct messages, teams, and favorited conversations using the top navigation bar.zh-HK",
      "Tap + to start a new message, invite contacts, or create new teams.":"zh-HKTap + to start a new message, invite contacts, or create new teams.zh-HK",
      "Start a call or access your call history and voicemail using the top navigation bar.":"zh-HKStart a call or access your call history and voicemail using the top navigation bar.zh-HK",
      "Instantly start a video meeting and invite people to join.":"zh-HKInstantly start a video meeting and invite people to join.zh-HK",
      "Connect your Google or Outlook calendar to schedule your meetings.":"zh-HKConnect your Google or Outlook calendar to schedule your meetings.zh-HK",
      "Invited to a meeting? Just copy and paste the meeting ID and you're good to go.":"zh-HKInvited to a meeting? Just copy and paste the meeting ID and you're good to go.zh-HK",
      "Start a meeting instantly using your personal meeting ID or customize your settings.":"zh-HKStart a meeting instantly using your personal meeting ID or customize your settings.zh-HK"
    },
    "zh-TW":{
      "Welcome!":"zh-TWWelcome!zh-TW",
      "Take a tour of the RingCentral app.":"zh-TWTake a tour of the RingCentral app.zh-TW",
      "Take a tour":"zh-TWTake a tourzh-TW",
      "Message":"zh-TWMessagezh-TW",
      "Get more work done with built-in team messaging, file sharing, and task management.":"zh-TWGet more work done with built-in team messaging, file sharing, and task management.zh-TW",
      "Video":"zh-TWVideozh-TW",
      "Easily start, schedule, and join video meetings.":"zh-TWEasily start, schedule, and join video meetings.zh-TW",
      "Phone":"zh-TWPhonezh-TW",
      "Make and receive calls, listen to voicemail, and more.":"zh-TWMake and receive calls, listen to voicemail, and more.zh-TW",
      "More":"zh-TWMorezh-TW",
      "Access more features, and customize which tabs appear in the bottom navigation bar for quicker access.":"zh-TWAccess more features, and customize which tabs appear in the bottom navigation bar for quicker access.zh-TW",
      "Access your direct messages, teams, and favorited conversations using the top navigation bar.":"zh-TWAccess your direct messages, teams, and favorited conversations using the top navigation bar.zh-TW",
      "Tap + to start a new message, invite contacts, or create new teams.":"zh-TWTap + to start a new message, invite contacts, or create new teams.zh-TW",
      "Start a call or access your call history and voicemail using the top navigation bar.":"zh-TWStart a call or access your call history and voicemail using the top navigation bar.zh-TW",
      "Instantly start a video meeting and invite people to join.":"zh-TWInstantly start a video meeting and invite people to join.zh-TW",
      "Connect your Google or Outlook calendar to schedule your meetings.":"zh-TWConnect your Google or Outlook calendar to schedule your meetings.zh-TW",
      "Invited to a meeting? Just copy and paste the meeting ID and you're good to go.":"zh-TWInvited to a meeting? Just copy and paste the meeting ID and you're good to go.zh-TW",
      "Start a meeting instantly using your personal meeting ID or customize your settings.":"zh-TWStart a meeting instantly using your personal meeting ID or customize your settings.zh-TW"
    }
  }
}